Delay_s,ScheduleStartMission_s,FirstBurnMission_s,EntryMission_s,Miss_m,Status,EndpointLatitude_deg,EndpointLongitude_deg
0,43676.7317058438,43676.7317058438,45836.5734398621,13606691.8565224,SCREEN_ONLY,10.9723241364292,-14.5134136554788
600,44276.7317058438,44276.7317058438,46452.0034998632,17006655.366099,SCREEN_ONLY,-31.2161387941151,-17.1737432385029
1200,44876.7317058438,44876.7317058438,47040.5116439866,16295116.368199,SCREEN_ONLY,-64.9714567015905,-19.2486108209055
1800,45476.7317058438,45476.7317058438,47620.7633046737,13283167.2388479,SCREEN_ONLY,-82.0279551852311,157.522465987683
2400,46076.7317058438,46076.7317058438,48221.3032702988,9230466.9512094,SCREEN_ONLY,-43.2012558212262,155.638859987681
3000,46676.7317058438,46676.7317058438,48842.3388990087,4590467.18412506,SCREEN_ONLY,0.84122262384377,152.874658647518
3537.78333600294,47214.5150418468,47214.5150418468,49390.0679464276,1762539.576271,UNRESOLVED_BY_SEARCH,33.5614737087432,149.534276431588
3547.78333600294,47224.5150418468,47224.5150418468,49400.0262040614,1741024.16609629,UNRESOLVED_BY_SEARCH,34.1592272057867,149.486961407852
3557.78333600294,47234.5150418468,47234.5150418468,49409.9756537857,1721880.04704651,UNRESOLVED_BY_SEARCH,34.7544367756469,149.439598691095
3567.78333600294,47244.5150418468,47244.5150418468,49419.9163405829,1705156.07791527,UNRESOLVED_BY_SEARCH,35.3470220424489,149.392180299217
3577.78333600294,47254.5150418468,47254.5150418468,49429.8483143004,1690888.83774309,UNRESOLVED_BY_SEARCH,35.9370952081756,149.344699881147
3587.78333600294,47264.5150418468,47264.5150418468,49439.7716295835,1679171.36732176,UNRESOLVED_BY_SEARCH,36.5175659216303,149.296997783547
3597.78333600294,47274.5150418468,47274.5150418468,49449.6863458051,1669868.35219688,UNRESOLVED_BY_SEARCH,37.1026099688714,149.249368416628
3600,47276.7317058438,47276.7317058438,49451.8829471644,1788420.0590797,SCREEN_ONLY,40.9148675989558,150.348650023931
4200,47876.7317058438,47876.7317058438,50035.3277799513,4230247.99895608,SCREEN_ONLY,73.4516022631768,148.449035576611
4800,48476.7317058438,48476.7317058438,50618.9845228149,7868107.77856213,SCREEN_ONLY,72.3186554798523,-34.5509656799413
5400,49076.7317058438,49076.7317058438,51226.3385398,12329798.7600207,SCREEN_ONLY,31.7341109111073,-36.9431241096827
6000,49676.7317058438,49676.7317058438,51847.4996809031,17181242.9955063,SCREEN_ONLY,-12.395084795442,-39.7214780479015
6600,50276.7317058438,50276.7317058438,52448.9299529063,18426111.6976544,SCREEN_ONLY,-49.9475576899524,-42.0828633279613
7200,50876.7317058438,50876.7317058438,53028.8435063491,14964838.6754528,SCREEN_ONLY,-82.0207992829477,-43.5800453348214
7800,51476.7317058438,51476.7317058438,53617.6001855795,10992926.9461628,SCREEN_ONLY,-62.2296455953507,133.04987440929
8400,52076.7317058438,52076.7317058438,54231.5505869817,6293148.03454792,SCREEN_ONLY,-20.0322945506471,130.454863132399
9000,52676.7317058438,52676.7317058438,54850.9723995453,1486670.93393808,SCREEN_ONLY,23.3622596672965,127.719420754676
9175.09670017275,52851.8284060166,52851.8284060166,55027.4611734577,373608.42424898,UNRESOLVED_BY_SEARCH,34.017467854196,127.733430961105
9185.09670017275,52861.8284060166,52861.8284060166,55037.4581264896,323789.522815191,UNRESOLVED_BY_SEARCH,34.8207411957253,127.576576098038
9195.09670017275,52871.8284060166,52871.8284060166,55047.4461339339,293361.489290467,UNRESOLVED_BY_SEARCH,35.1183508613391,127.732577017881
9205.09670017275,52881.8284060166,52881.8284060166,55057.4252188955,266337.966674191,UNRESOLVED_BY_SEARCH,35.6055758942236,127.755062657556
9215.09670017275,52891.8284060166,52891.8284060166,55067.3954096062,248197.203188111,UNRESOLVED_BY_SEARCH,35.8589162785043,127.854301408244
9225.09670017275,52901.8284060166,52901.8284060166,55077.3567393695,308357.611470232,UNRESOLVED_BY_SEARCH,34.4296070346021,128.240207049251
9235.09670017275,52911.8284060166,52911.8284060166,55087.3092465004,265485.233733015,UNRESOLVED_BY_SEARCH,35.0004354214965,128.214756941031
9600,53276.7317058438,53276.7317058438,55445.1611680044,2486284.86286157,SCREEN_ONLY,58.595200762496,125.521540188371
10200,53876.7317058438,53876.7317058438,56024.5403251797,6063049.81125883,SCREEN_ONLY,89.0069020343983,-63.1729697559412
10800,54476.7317058438,54476.7317058438,56619.6318531954,10188375.2955756,SCREEN_ONLY,51.5451538304253,-59.451047210209
11400,55076.7317058438,55076.7317058438,57238.0394070473,14897899.9959876,SCREEN_ONLY,8.11188912897109,-62.1632605193915
12000,55676.7317058438,55676.7317058438,57852.093438316,18608909.714652,SCREEN_ONLY,-33.6121994791203,-64.7943402539874
12600,56276.7317058438,56276.7317058438,58439.1261869163,16467602.1074377,SCREEN_ONLY,-66.9952520697357,-66.8306312237445
13200,56876.7317058438,56876.7317058438,59019.9941042994,13004660.1408784,SCREEN_ONLY,-79.7469070951081,110.077884440547
13800,57476.7317058438,57476.7317058438,59622.2558363976,8873371.79054016,SCREEN_ONLY,-40.4883573294186,108.000991765002
14400,58076.7317058438,58076.7317058438,60243.6934731778,4479204.03536277,SCREEN_ONLY,3.65672164790511,105.227517110497
15000,58676.7317058438,58676.7317058438,60851.4726707089,2472929.02371145,SCREEN_ONLY,43.1455380182239,102.739161025357
15600,59276.7317058438,59276.7317058438,61433.9148214368,4601549.25889194,SCREEN_ONLY,75.5031696079342,100.896771116387
16200,59876.7317058438,59876.7317058438,62018.6442681837,7898718.59255883,SCREEN_ONLY,69.9237194428402,-82.135346990354
16800,60476.7317058438,60476.7317058438,62627.6004865265,11881334.8615668,SCREEN_ONLY,28.9337678031596,-84.5882200710613
17400,61076.7317058438,61076.7317058438,63248.4753099643,15600591.3796503,SCREEN_ONLY,-15.0937446250797,-87.3613129993756
18000,61676.7317058438,61676.7317058438,63848.0227589617,16459389.1744146,SCREEN_ONLY,-52.0509795852892,-89.6824779513232
18600,62276.7317058438,62276.7317058438,64427.5350202587,14559838.8002704,SCREEN_ONLY,-84.1336680827946,-90.9061147424991
19200,62876.7317058438,62876.7317058438,65017.7489140629,11481487.0579104,SCREEN_ONLY,-59.7157206353278,85.4348827593259
19800,63476.7317058438,63476.7317058438,65633.0344288618,7797434.22290859,SCREEN_ONLY,-17.1763151330327,82.8055396754996
20400,64076.7317058438,64076.7317058438,66251.5120629363,4886011.0531834,SCREEN_ONLY,25.8998524534647,80.0897574813685
21000,64676.7317058438,64676.7317058438,66843.9469106858,4532134.78497864,SCREEN_ONLY,60.6334103765638,77.9306684640889
21600,65276.7317058438,65276.7317058438,67423.497420442,6154494.9151278,SCREEN_ONLY,86.8084051059524,-106.415049784705
22200,65876.7317058438,65876.7317058438,68020.2363462003,8960688.1360553,SCREEN_ONLY,48.9152303688918,-107.081084127868
22800,66476.7317058438,66476.7317058438,68639.4869709651,12244643.5096785,SCREEN_ONLY,5.25711549940356,-109.812796401935
23400,67076.7317058438,67076.7317058438,69252.0517839313,14494999.0395366,SCREEN_ONLY,-35.9655547369983,-112.412145490463
24000,67676.7317058438,67676.7317058438,69837.7150638504,14765844.4613956,SCREEN_ONLY,-69.0211889399058,-114.408551391608
24600,68276.7317058438,68276.7317058438,70419.323896342,13468660.980886,SCREEN_ONLY,-77.4393621009307,62.5689201753067
25200,68876.7317058438,68876.7317058438,71023.3014820468,10967737.0412346,SCREEN_ONLY,-37.7515508578599,60.3610717769849
25800,69476.7317058438,69476.7317058438,71644.9827563506,8065678.20672073,SCREEN_ONLY,6.45043329562779,57.5817300775118
26400,70076.7317058438,70076.7317058438,72250.9409453271,6182669.9549074,SCREEN_ONLY,45.3415389155267,55.1321628119654
27000,70676.7317058438,70676.7317058438,72832.5147878995,5758305.95541923,SCREEN_ONLY,77.5668187610916,53.3619543382318
27600,71276.7317058438,71276.7317058438,73418.4156837475,6698699.1925627,SCREEN_ONLY,67.5003888110094,-129.730091821889
28200,71876.7317058438,71876.7317058438,74028.9224230606,8925551.66295514,SCREEN_ONLY,26.1166431155241,-132.23461085462
28800,72476.7317058438,72476.7317058438,74649.3465118016,11574341.2635382,SCREEN_ONLY,-17.7563035385457,-134.998879151403
29400,73076.7317058438,73076.7317058438,75247.0222743169,13360354.8323051,SCREEN_ONLY,-54.1324556908384,-137.279951441107
30000,73676.7317058438,73676.7317058438,75826.2778317137,14083456.2827251,SCREEN_ONLY,-86.2656717301916,-137.905192611115
30600,74276.7317058438,74276.7317058438,76418.0148103588,13508485.0221528,SCREEN_ONLY,-57.173038272263,37.8155020299107
31200,74876.7317058438,74876.7317058438,77034.5372216989,11430990.7852519,SCREEN_ONLY,-14.3145812201248,35.1557573848538
31800,75476.7317058438,75476.7317058438,77651.92382769,8838573.06608378,SCREEN_ONLY,28.3933988534494,32.4628956393239
32400,76076.7317058438,76076.7317058438,78242.6745639861,6946314.12553766,SCREEN_ONLY,62.6642895287876,30.3421713557335
33000,76676.7317058438,76676.7317058438,78822.5341550379,5832949.63576767,SCREEN_ONLY,84.5824910361775,-153.222171514634
33600,77276.7317058438,77276.7317058438,79420.9475297084,6106869.86268659,SCREEN_ONLY,46.2584678955199,-154.713828252068
34200,77876.7317058438,77876.7317058438,80040.9044674564,8257117.3693057,SCREEN_ONLY,2.41119151827037,-157.461806860118
34800,78476.7317058438,78476.7317058438,80651.8795890647,10960984.6047483,SCREEN_ONLY,-38.2768210636197,-160.027168026114
35400,79076.7317058438,79076.7317058438,81236.288146674,13087496.896014,SCREEN_ONLY,-71.0522842980317,-161.981106835883
36000,79676.7317058438,79676.7317058438,81818.757109108,14647845.3642245,SCREEN_ONLY,-75.1045737042154,15.0241431227646
36600,80276.7317058438,80276.7317058438,82424.4337349635,14515480.7059919,SCREEN_ONLY,-34.99234452013,12.719291187485
37200,80876.7317058438,80876.7317058438,83046.1961952285,12016812.0365783,SCREEN_ONLY,9.21899893016591,9.93751495135009
37800,81476.7317058438,81476.7317058438,83650.292962306,9103208.03717466,SCREEN_ONLY,47.5051156411266,7.52758797553563
38400,82076.7317058438,82076.7317058438,84231.1369273904,6657120.53132447,SCREEN_ONLY,79.6445737269179,5.85572798700197
39000,82676.7317058438,82676.7317058438,84818.3006987953,4635680.10551815,SCREEN_ONLY,65.048668218731,-177.332777827976
39600,83276.7317058438,83276.7317058438,85430.2950560805,4951240.6190765,SCREEN_ONLY,23.2852315617321,-179.882095690068
40200,83876.7317058438,83876.7317058438,86050.1061211043,8021505.86264614,SCREEN_ONLY,-20.3806519020175,177.365963978417
40800,84476.7317058438,84476.7317058438,86645.9366927517,11146951.9938577,SCREEN_ONLY,-56.1961550982323,175.124642964986
41400,85076.7317058438,85076.7317058438,87225.0798761433,13959172.5108096,SCREEN_ONLY,-88.4167913149687,176.772677412673
42000,85676.7317058438,85676.7317058438,87818.3969466869,16416982.0038437,SCREEN_ONLY,-54.6020533591885,-9.80769212702145
42600,86276.7317058438,86276.7317058438,88436.0476111997,15401314.8891465,SCREEN_ONLY,-11.4501807283693,-12.4942677378714
43200,86876.7317058438,86876.7317058438,89052.2049699662,11728901.3953249,SCREEN_ONLY,30.8431661060007,-15.1611604577885
43800,87476.7317058438,87476.7317058438,89641.3537343877,8426117.1494766,SCREEN_ONLY,64.6909782121013,-17.2436350208972
44400,88076.7317058438,88076.7317058438,90221.6566137738,5220420.83604498,SCREEN_ONLY,82.3309913371427,159.500295252977
45000,88676.7317058438,88676.7317058438,90821.7613933691,2431462.4426211,SCREEN_ONLY,43.575529947063,157.650948864687
45600,89276.7317058438,89276.7317058438,91442.2803376485,4820599.24922388,SCREEN_ONLY,-0.421398818238022,154.889994724663
46200,89876.7317058438,89876.7317058438,92051.579009533,8863046.55663688,SCREEN_ONLY,-40.5482560609508,152.360496422172
46800,90476.7317058438,90476.7317058438,92634.8552448976,12294865.9547166,SCREEN_ONLY,-73.0907488604608,150.45371558464
47400,91076.7317058438,91076.7317058438,93218.2975996868,15892493.3707237,SCREEN_ONLY,-72.7421540313309,-32.5429512976231
48000,91676.7317058438,91676.7317058438,93825.6453768409,18617295.3896704,SCREEN_ONLY,-32.2122274404459,-34.9241756701364
48600,92276.7317058438,92276.7317058438,94447.323850886,14502998.0284339,SCREEN_ONLY,11.9583709913379,-37.7048730760042
49200,92876.7317058438,92876.7317058438,95049.53475547,10403517.5935883,SCREEN_ONLY,49.6401325053618,-40.0747045096675
49800,93476.7317058438,93476.7317058438,95629.7902257929,6867331.56613595,SCREEN_ONLY,81.7383754940544,-41.5990853734534
50400,94076.7317058438,94076.7317058438,96218.3005904782,2918866.03869613,SCREEN_ONLY,62.5683162138744,135.058182403871
51000,94676.7317058438,94676.7317058438,96831.7085106942,1797842.6790019,SCREEN_ONLY,20.441613819362,132.469496588054
51600,95276.7317058438,95276.7317058438,97450.7479880693,6619973.1953081,SCREEN_ONLY,-22.963824191448,129.73340446021
52200,95876.7317058438,95876.7317058438,98044.7746890995,10550611.3637665,SCREEN_ONLY,-58.2451126359767,127.531337085462
52800,96476.7317058438,96476.7317058438,98623.948685421,14146810.8208426,SCREEN_ONLY,-89.3941177222684,-65.2479109960441
53400,97076.7317058438,97076.7317058438,99218.8936633225,18202080.663124,SCREEN_ONLY,-52.002898293733,-57.4342766794491
54000,97676.7317058438,97676.7317058438,99837.5539879686,16748738.2979243,SCREEN_ONLY,-8.58687241214661,-60.1442839778151
54600,98276.7317058438,98276.7317058438,100452.353942248,12151279.0602891,SCREEN_ONLY,33.2487346785637,-62.7823664442842
55200,98876.7317058438,98876.7317058438,101039.994177482,8473361.96640907,SCREEN_ONLY,66.7164950653161,-64.8262467090223
55800,99476.7317058438,99476.7317058438,101620.870379303,4913975.26701057,SCREEN_ONLY,80.0538979900987,112.068189097449
56400,100076.731705844,100076.731705844,102222.673161303,1840598.75065998,SCREEN_ONLY,40.8679288848838,110.013488829518
57000,100676.731705844,100676.731705844,102843.603251397,5039412.00103131,SCREEN_ONLY,-3.23718288950582,107.242835530447
57600,101276.731705844,101276.731705844,103451.153255813,9204041.39675178,SCREEN_ONLY,-42.7822428323239,104.750751898641
58200,101876.731705844,101876.731705844,104033.426050191,12589455.3856395,SCREEN_ONLY,-75.1393180351911,102.899135196174
58800,102476.731705844,102476.731705844,104617.948633403,15857064.9229431,SCREEN_ONLY,-70.3513549184102,-80.1251767435463
59400,103076.731705844,103076.731705844,105226.928466264,16866406.4456632,SCREEN_ONLY,-29.4129756875192,-82.5691505842497
60000,103676.731705844,103676.731705844,105848.356512137,13210439.1759007,SCREEN_ONLY,14.6653931114836,-85.345231075402
60600,104276.731705844,104276.731705844,106448.673118332,9534244.43341316,SCREEN_ONLY,51.7495969309981,-87.6747892359379
61200,104876.731705844,104876.731705844,107028.483368305,6494294.58466495,SCREEN_ONLY,83.8492079035839,-88.9476513304224
61800,105476.731705844,105476.731705844,107618.415964572,4012073.80043837,SCREEN_ONLY,60.0594110835777,87.443895518032
62400,106076.731705844,106076.731705844,108233.15239442,4936666.12086764,SCREEN_ONLY,17.5890447714336,84.820398581565
63000,106676.731705844,106676.731705844,108851.267041774,8567344.92121724,SCREEN_ONLY,-25.5048986049645,82.1035136908885
63600,107276.731705844,107276.731705844,109443.545334072,11719116.9277783,SCREEN_ONLY,-60.2828414696981,79.9401996739503
64200,107876.731705844,107876.731705844,110022.891361415,14255752.7715435,SCREEN_ONLY,-87.2036364910578,-104.678481715288
64800,108476.731705844,108476.731705844,110619.502554114,15403150.4282505,SCREEN_ONLY,-49.3761785773965,-105.063899832151
65400,109076.731705844,109076.731705844,111239.044592748,13210064.7945325,SCREEN_ONLY,-5.72816947387954,-107.794055811871
66000,109676.731705844,109676.731705844,111852.370368454,9836750.10349023,SCREEN_ONLY,35.6113550279077,-110.400769945413
66600,110276.731705844,110276.731705844,112438.605726965,7242813.39173855,SCREEN_ONLY,68.74355601478,-112.404875785124
67200,110876.731705844,110876.731705844,113020.180510554,5498708.00142607,SCREEN_ONLY,77.7501033259813,64.5656786573428
67800,111476.731705844,111476.731705844,113623.677293515,5891380.69470101,SCREEN_ONLY,38.1363077890366,62.3739562971254
68400,112076.731705844,112076.731705844,114244.862231284,8740744.51978021,SCREEN_ONLY,-6.03187340562703,59.5969876903773
69000,112676.731705844,112676.731705844,114850.606532459,11680517.6534283,SCREEN_ONLY,-44.9806029039111,57.1435407861434
69600,113276.731705844,113276.731705844,115432.01008499,13614449.7461769,SCREEN_ONLY,-77.1994442405184,55.3606472574231
70200,113876.731705844,113876.731705844,116017.712863462,14226672.0997519,SCREEN_ONLY,-67.9325097833035,-127.718310760313
70800,114476.731705844,114476.731705844,116628.274370982,12520600.4325911,SCREEN_ONLY,-26.5963198402478,-130.21546753905
71400,115076.731705844,115076.731705844,117249.285800916,9442888.00385426,SCREEN_ONLY,17.3369265222469,-132.983358470794
72000,115676.731705844,115676.731705844,117847.715518858,7075492.32257861,SCREEN_ONLY,53.8365655946235,-135.272718783723
72600,116276.731705844,116276.731705844,118427.224704662,5994290.88805594,SCREEN_ONLY,85.9793867163155,-136.01692592027
73200,116876.731705844,116876.731705844,119018.646736441,6703403.17863899,SCREEN_ONLY,57.5218127895166,39.8251371843202
73800,117476.731705844,117476.731705844,119634.615871088,9340780.74432104,SCREEN_ONLY,14.7302023708449,37.1708070975101
74400,118076.731705844,118076.731705844,120251.659336658,12324984.0240982,SCREEN_ONLY,-28.0026038521921,34.4763825579794
75000,118676.731705844,118676.731705844,120842.258010689,13962396.476324,SCREEN_ONLY,-62.3129219979291,32.3513801919566
75600,119276.731705844,119276.731705844,121421.914550658,13950741.1433849,SCREEN_ONLY,-84.9821422838994,-151.29925624282
76200,119876.731705844,119876.731705844,122020.220454558,12010677.0604772,SCREEN_ONLY,-46.7224245633184,-152.696281480125
76800,120476.731705844,120476.731705844,122640.507629736,8795174.25674185,SCREEN_ONLY,-2.87792397565871,-155.443330491698
77400,121076.731705844,121076.731705844,123252.255024126,6173579.1970641,SCREEN_ONLY,37.9320076833012,-158.016400382658
78000,121676.731705844,121676.731705844,123837.198228416,5469891.47724752,SCREEN_ONLY,70.7755026931552,-159.978345051798
78600,122276.731705844,122276.731705844,124419.591521891,6715544.76767469,SCREEN_ONLY,75.4192908096936,17.0247236300692
79200,122876.731705844,122876.731705844,125024.767493283,9638996.88360365,SCREEN_ONLY,35.3820010702952,14.7325349910293
79800,123476.731705844,123476.731705844,125646.046776001,13144162.1255918,SCREEN_ONLY,-8.80160039276793,11.9526978688365
80400,124076.731705844,124076.731705844,126249.94396898,15121018.2685508,SCREEN_ONLY,-47.1468799440991,9.53872248412607
81000,124676.731705844,124676.731705844,126830.616655838,14660093.3842705,SCREEN_ONLY,-79.2736893833831,7.84816011978386
81600,125276.731705844,125276.731705844,127417.592310705,12272160.212745,SCREEN_ONLY,-65.484963476023,-175.319763396828
82200,125876.731705844,125876.731705844,128029.673809522,8624277.28543874,SCREEN_ONLY,-23.7650072067013,-177.862910518613
82800,126476.731705844,126476.731705844,128650.104266133,5073148.21867641,SCREEN_ONLY,19.9702676753064,179.380919262771
83400,127076.731705844,127076.731705844,129246.670012,4082912.53391639,SCREEN_ONLY,55.9048656969774,177.131446319302
84000,127676.731705844,127676.731705844,129826.022217137,5816701.16495671,SCREEN_ONLY,88.1284093992535,178.168065650013
84600,128276.731705844,128276.731705844,130418.992113315,9107610.43831218,SCREEN_ONLY,54.9559772835216,-7.79749368893171
85200,128876.731705844,128876.731705844,131036.087745581,13276462.5345449,SCREEN_ONLY,11.8685878539272,-10.4790380336683
85800,129476.731705844,129476.731705844,131651.922083274,16616726.3454882,SCREEN_ONLY,-30.4565270036384,-13.1479462935091
86400,130076.731705844,130076.731705844,132240.922334806,16193905.513115,SCREEN_ONLY,-64.337912416389,-15.2348024184886
